{
    "ANDAMAN AND NICOBAR ISLANDS": [
        "ANDAMAN HI TECH KISAN MANDI"
    ],
    "ANDHRA PRADESH": [
        "-- Select APMCs --",
        "ADONI",
        "ANANTHAPURAMU",
        "DENDULURU",
        "DUGGIRALA",
        "ELURU",
        "GOPALAPURAM",
        "GUNTUR",
        "GURRAMKONDA",
        "HINDUPUR",
        "KADAPA",
        "KALIKIRI",
        "KALYANDURG",
        "KURNOOL",
        "MADANAPALLE",
        "PALAMANER",
        "PATTIKONDA",
        "PIDUGURALLA",
        "PUNGANUR",
        "RAPUR",
        "RAVULAPALEM APMC",
        "RAYADURG APMC",
        "TENALI",
        "VEMURU BHATTIPROLU",
        "VIZIANAGARAM APMC",
        "YEMMIGANUR"
    ],
    "ASSAM": [
        "-- Select APMCs --",
        "DHING",
        "GAURIPUR",
        "KHARUPETIA"
    ],
    "BIHAR": [
        "-- Select APMCs --",
        "ARA",
        "BEGUSARAI",
        "BIHARSHARIF",
        "BUXAR",
        "CHHAPRA",
        "DARBHANGA",
        "DAUDNAGAR",
        "FORBESGANJ",
        "GAYA",
        "GULABBAGH",
        "HAJIPUR",
        "KATIHAR",
        "MOHANIYA",
        "MOTIHARI",
        "MUSALLAHPUR",
        "MUZAFFARPUR",
        "SAMASTIPUR",
        "SASARAM",
        "SINGHESWAR",
        "SITAMARHI"
    ],
    "CHANDIGARH": [
        "CHANDIGARH SECTOR-26"
    ],
    "CHHATTISGARH": [
        "-- Select APMCs --",
        "AMBIKAPUR",
        "BALOD",
        "BEMETARA",
        "BHATAPARA",
        "BILASPUR",
        "DHAMTARI",
        "DURG",
        "JAGDALPUR",
        "JASHPUR",
        "KANKER",
        "KATGHORA",
        "KAWARADHA",
        "KURUD",
        "MUNGELI",
        "NAVAPARA",
        "PATELPALI RAIGARH",
        "RAIPUR",
        "RAJIM",
        "RAJNANDGAON",
        "SARAIPALI"
    ],
    "GOA": [
        "-- Select APMCs --",
        "CANACONA MARKET YARD",
        "CURCHOREM MARKET YARD",
        "MAPUSA MARKET YARD",
        "MARGAO MAIN MARKET YARD",
        "PONDA MARKET YARD",
        "SANQUELIM MARKET YARD",
        "VALPOI MARKET YARD"
    ],
    "GUJARAT": [
        "-- Select APMCs --",
        "AHMEDABAD",
        "AHWA",
        "AMRELI",
        "ANAND",
        "ANJAR",
        "BABRA",
        "BAGASARA",
        "BARDOLI APMC",
        "BAVLA APMC",
        "BAYAD APMC",
        "BHABHAR",
        "BHANVAD",
        "BHARUCH",
        "BHAVNAGAR",
        "BHESAN",
        "BHILODA",
        "BHUJ",
        "BILIMORA",
        "BODELI",
        "BORSAD",
        "BOTAD",
        "CHANASMA",
        "CHIKHLI APMC",
        "CHOTILA APMC",
        "DABHOI APMC",
        "DAHOD",
        "DEDIYAPADA APMC",
        "DEESA",
        "DEHGAM",
        "DEODAR",
        "DESAR",
        "DEVGADHBARIA APMC",
        "DHANDHUKA APMC",
        "DHANERA",
        "DHANGADRA",
        "DHARI",
        "DHORAJI",
        "DHROL",
        "FATEHPURA APMC",
        "GANDHINAGAR APMC",
        "GARIYADHAR APMC",
        "GODHRA",
        "GONDAL",
        "HALVAD",
        "HIMMATNAGAR",
        "IDAR APMC",
        "JAM JODHPUR",
        "JAMKHAMBHALIYA",
        "JAMNAGAR",
        "JASDAN",
        "JETPUR",
        "JHAGADIYA APMC",
        "JHALOD",
        "JUNAGADH",
        "KADI APMC",
        "KALAVAD",
        "KALOL",
        "KAPADWANJ",
        "KAPRADA",
        "KATHLAL APMC",
        "KHAMBHAT",
        "KODINAR",
        "KOSAMBA APMC",
        "KUKARMUDA",
        "LAKHANI",
        "LIMKHEDA APMC",
        "LUNAWADA APMC",
        "MAANSA",
        "MAHEMDAVAD",
        "MAHUVA",
        "MAHUVA APMC GJ",
        "MALPUR",
        "MANADAL APMC",
        "MANDVI",
        "MANDVI APMC",
        "MATAR APMC",
        "MEHSANA",
        "MODASA",
        "MORBI",
        "NADIAD",
        "NAVSARI APMC",
        "NIZAR",
        "PADARA",
        "PALANPUR",
        "PALITANA APMC",
        "PANTHAWADA",
        "PARDI",
        "PATAN",
        "PATDI APMC",
        "PAVI-JETPUR",
        "PORBANDAR",
        "PRANTIJ APMC",
        "RADHANPUR APMC",
        "RAJKOT",
        "RAJPIPLA APMC",
        "RAJULA",
        "RAPAR",
        "SANAND",
        "SANJELI APMC",
        "SAVARKUNDLA",
        "SAVLI",
        "SELAMBA APMC",
        "SIDDHPUR",
        "SIHOR APMC",
        "SONGADH APMC",
        "SURAT",
        "TALAJA APMC",
        "TALALAGIR",
        "TALOD",
        "TARAPUR",
        "THARA",
        "THARAD",
        "THASRA APMC",
        "TILAKWADA APMC",
        "UMRALA APMC",
        "UNA APMC",
        "UNAVA APMC",
        "UNCHAL",
        "UNJHA",
        "UPLETA",
        "VADALI APMC",
        "VADODARA",
        "VALABHIPUR APMC",
        "VALIA APMC",
        "VALOD",
        "VALSAD",
        "VASDA",
        "VERAVAL",
        "VIJAPUR",
        "VINCHHIYA",
        "VIRAMGAM",
        "VIRPUR",
        "VISAVADAR",
        "VISNAGAR",
        "VYARA",
        "WANKANER APMC"
    ],
    "HARYANA": [
        "-- Select APMCs --",
        "ADAMPUR",
        "ALEWA",
        "AMBALA",
        "AMBALA CANTT. APMC",
        "ASANDH",
        "ATELI APMC",
        "BABAIN",
        "BAHADURGARH",
        "BALLABGARH",
        "BAPOLI",
        "BARARA",
        "BARWALA HISAR",
        "BARWALA PANCHKULA APMC",
        "BASS",
        "BEHAL",
        "BERI",
        "BHATTU KALAN APMC",
        "BHIWANI",
        "BHUNA",
        "CH DADRI",
        "CHEEKA",
        "CHHACHHRAULI",
        "DABWALI",
        "DHAND",
        "DING",
        "ELLANABAD",
        "FARIDABAD",
        "FARRUKHNAGAR",
        "FATEHABAD",
        "FEROZPUR JHIRKA APMC",
        "GANAUR",
        "GHARAUNDA",
        "GOHANA",
        "GURGAON",
        "HANSI",
        "HASSANPUR",
        "HATHIN",
        "HISAR APMC",
        "HODAL",
        "INDRI",
        "ISMAILABAD",
        "ISRANA APMC",
        "JAGADHRI APMC",
        "JAKHAL",
        "JHAJJAR",
        "JIND",
        "JUI",
        "JULANA",
        "JUNDLA",
        "KAITHAL",
        "KALANWALI",
        "KALAYAT",
        "KANINA APMC",
        "KARNAL",
        "KHARKHODA",
        "KOSLI APMC",
        "LADWA",
        "LOHARU",
        "MADLAUDA",
        "MEHAM APMC",
        "MOHINDERGARH APMC",
        "MOHNA",
        "MULLANA",
        "MUSTAFABAD",
        "NARAINGARH APMC",
        "NARNAUL APMC",
        "NARNAUND",
        "NARWANA",
        "NIGDHU APMC",
        "NILOKHERI APMC",
        "NISSING",
        "NUH APMC",
        "PAI APMC",
        "PALWAL",
        "PANCHKULA APMC",
        "PANIPAT",
        "PATAUDI",
        "PEHOWA",
        "PILLUKHERA",
        "PIPLI APMC",
        "PUNDRI",
        "PUNHANA APMC",
        "RADAUR",
        "RAIPUR RANI APMC",
        "RANIA",
        "RATIA",
        "REWARI",
        "ROHTAK",
        "SADHAURA APMC",
        "SAFIDON",
        "SAMALKHA",
        "SAMPLA",
        "SHAHBAD",
        "SHAHZADPUR APMC",
        "SIRSA",
        "SIWAN",
        "SIWANI",
        "SOHNA",
        "SONEPAT",
        "TARAORI",
        "TAURU APMC",
        "THANESAR",
        "TIGAON",
        "TOHANA",
        "TOSHAM",
        "UCHANA",
        "UKLANA APMC",
        "YAMUNA NAGAR APMC"
    ],
    "HIMACHAL PRADESH": [
        "-- Select APMCs --",
        "BAIJNATH",
        "BANDROL",
        "BHATTAKUFAR DHALLI",
        "BHUNTAR",
        "CHAILCHOWK",
        "CHAMBA",
        "DHALLI SHIMLA",
        "DHANOTU",
        "DHARAMSHALA",
        "FRUIT MANDI SOLAN",
        "HAMIRPUR",
        "KANGRA",
        "KANGRA JASSOUR",
        "KHARAPATHAR",
        "MANDI",
        "MEHANDLI",
        "PALAMPUR",
        "PAONTA SAHIB",
        "PARALA",
        "PATIKUHAL",
        "PMY BILASPUR",
        "PMY NAHAN",
        "ROHRU",
        "SANTOSHGARH",
        "SMY CHOURIBIHAL",
        "SMY DHARAMPUR",
        "SMY KULLU",
        "SMY NADAUN",
        "SMY NAGROTA BAGWAN",
        "SMY NERWA",
        "SMY RAJGARH",
        "SMY SHAAT",
        "SMY TAKARLA",
        "SMY WAKHNAGHAT",
        "SOLAN PARWANOO",
        "TAKOLI",
        "TAPRI",
        "UNA"
    ],
    "JAMMU AND KASHMIR": [
        "-- Select APMCs --",
        "ANANTNAG",
        "BATOTE",
        "BUMHAMA",
        "CHARARISHARIEF",
        "HANDWARA",
        "KANISPORA",
        "KATHUA",
        "KULGAM",
        "NARWAL",
        "PACHAAR",
        "PARIMPORA SGR",
        "PHALAYANA",
        "PULWAMA",
        "SHOPIAN",
        "SOPORE",
        "UDHAMPUR",
        "ZAZNA"
    ],
    "JHARKHAND": [
        "-- Select APMCs --",
        "BOKARO",
        "DALTENGANJ",
        "DEOGHAR",
        "DHANBAD",
        "DUMKA",
        "GARHWA",
        "GRIDIH",
        "GUMLA",
        "HAZARIBAGH",
        "JAMSHEDPUR",
        "KODERMA",
        "LOHARDAGA",
        "PAKUR",
        "PANDRA RANCHI",
        "RAMGARH",
        "SAHEBGANJ",
        "SIMDEGA"
    ],
    "KARNATAKA": [
        "-- Select APMCs --",
        "APMC CHINCHOLI",
        "APMC KALBURGI",
        "APMC TIPTUR",
        "APMC YARD SAUNDATTI",
        "CHANNAGIRI"
    ],
    "KERALA": [
        "-- Select APMCs --",
        "ARWM MUVATTUPUZHA",
        "ARWM SULTAN BARTHERY",
        "AUWM ANAYARA",
        "AUWM MARADU",
        "AUWM VENGERI"
    ],
    "MADHYA PRADESH": [
        "-- Select APMCs --",
        "AGAR",
        "ALIRAJPUR",
        "AMARPATAN",
        "ANUPPUR",
        "ARON",
        "ASHOKNAGAR",
        "ASHTA",
        "BADA MALHERA",
        "BADARWAS",
        "BADNAGAR",
        "BADNAWAR",
        "BAIKUNTHPUR",
        "BALAGHAT",
        "BANKHEDI",
        "BARELI",
        "BARWANI",
        "BEOHARI",
        "BERASIA",
        "BETUL",
        "BHIND",
        "BIAORA",
        "BINA",
        "BURHANPUR",
        "CHAKGHAT",
        "CHAURAI",
        "CHHAPARA",
        "CHHATARPUR",
        "CHHINDWARA",
        "DABRA",
        "DALAUDA",
        "DAMOH",
        "DATIA",
        "DEORI",
        "DEWAS",
        "DHAR",
        "GADARWARA",
        "GANJ BASODA",
        "GARHAKOTA",
        "GAUTAMPURA",
        "GOTEGAON",
        "GUNA",
        "HANUMANA",
        "HARDA",
        "HARPALPUR",
        "HARSUD",
        "INDORE",
        "ITARSI",
        "JABALPUR",
        "JABERA",
        "JAORA",
        "JHABUA",
        "JOBAT",
        "KARERA",
        "KAROND",
        "KASRAWAD",
        "KATANGI",
        "KATNI",
        "KHANDWA",
        "KHARGONE",
        "KHATEGAON",
        "KHETIYA",
        "KHIRKIYA",
        "KRISHI UPAJ MANDI SAMITI PATAN",
        "KRISHI UPAJ MANDI SAMITI-ANJAD",
        "KRISHI UPAJ MANDI SAMITI-BADWAHA",
        "KRISHI UPAJ MANDI SAMITI-BANAPURA",
        "KRISHI UPAJ MANDI SAMITI-BHIKANGAON",
        "KRISHI UPAJ MANDI SAMITI-DHAMNOD",
        "KRISHI UPAJ MANDI SAMITI-GANDHWANI",
        "KRISHI UPAJ MANDI SAMITI-KARELI",
        "KRISHI UPAJ MANDI SAMITI-KARHI",
        "KRISHI UPAJ MANDI SAMITI-KHURAI",
        "KRISHI UPAJ MANDI SAMITI-KOLARAS",
        "KRISHI UPAJ MANDI SAMITI-KUKSHI",
        "KRISHI UPAJ MANDI SAMITI-KUMBHRAJ",
        "KRISHI UPAJ MANDI SAMITI-LASHKAR",
        "KRISHI UPAJ MANDI SAMITI-NAGOD",
        "KRISHI UPAJ MANDI SAMITI-NASRULLAGANJ",
        "KRISHI UPAJ MANDI SAMITI-PANDHURNA",
        "KRISHI UPAJ MANDI SAMITI-RAISEN",
        "KRISHI UPAJ MANDI SAMITI-SANAWAD",
        "KRISHI UPAJ MANDI SAMITI-SAUNSAR",
        "KRISHI UPAJ MANDI SAMITI-SHIVPURI",
        "KRISHI UPAJ MANDI SAMITI-SINGRAULI",
        "KRISHI UPAJ MANDI SAMITI-UDAIPURA",
        "KURAWAR",
        "LAVKUSHNAGAR",
        "MAHIDPUR",
        "MAIHAR",
        "MANAWAR",
        "MANDLA",
        "MANDSAUR",
        "MHOW",
        "MORENA",
        "MUNGAOLI",
        "NARSINGHGARH",
        "NARSINGPUR",
        "NEEMUCH",
        "NIWARI",
        "OBAIDULLAGANJ",
        "PACHORE",
        "PALARI",
        "PANNA",
        "PATHARIA",
        "PETLAWAD",
        "PIPALIYA",
        "PIPARIYA",
        "RAHATGARH",
        "RAJGARH",
        "RAJNAGAR",
        "RATLAM",
        "REHLI",
        "REWA",
        "SAGAR",
        "SAILANA",
        "SANWER",
        "SATNA",
        "SEGAON",
        "SEHORA",
        "SEHORE",
        "SEMRI HARCHAND",
        "SENDHWA",
        "SEONI",
        "SHAHDOL",
        "SHAHPURA BHITONI",
        "SHAJAPUR",
        "SHEOPURKALAN",
        "SHUJALPUR",
        "SIDHI",
        "SILWANI",
        "SIRALI",
        "SIRONJ",
        "SONKATCH",
        "THANDLA",
        "TIKAMGARH",
        "TIMARNI",
        "UJJAIN",
        "UMARIA",
        "VIDISHA"
    ],
    "MAHARASHTRA": [
        "-- Select APMCs --",
        "AAMGAON",
        "AATPADI",
        "ACHALPUR",
        "AHERI",
        "AHILYANAGAR",
        "AHMEDNAGAR",
        "AKLUJ",
        "AKOLA",
        "AKOT",
        "AMALNER",
        "AMARAVATHI",
        "AMBEJOGAI",
        "AMRAVATHI",
        "AMRAVATI",
        "ANJANGAON SURJI",
        "ARMORI DESAIGANJ",
        "ARNI",
        "ARVI",
        "ATPADI",
        "AURANGABAD",
        "AUSA",
        "BABHULGAON",
        "BARAMATI",
        "BARSHI",
        "BASMAT",
        "BEED",
        "BHIWAPUR",
        "BHOKAR",
        "CHALISGAON",
        "CHAMORSHI",
        "CHANDRAPUR",
        "CHANDUR BAZAR",
        "CHANDVAD",
        "CHANDWAD",
        "CHHATRAPATI SAMBHAJINAGAR",
        "CHIKHALI",
        "CHOPADA",
        "CHOPDA",
        "DARYAPUR",
        "DEVALA",
        "DHAMANGAON RAILWAY",
        "DHARMABAD",
        "DHULE",
        "DIGRAS",
        "DINDORI",
        "DONDAICHA",
        "DOUND",
        "DUDHANI",
        "GANGAPUR",
        "GANGAPUR-MH",
        "GEVRAI",
        "GONDIYA",
        "HINGANGHAT",
        "HINGOLI",
        "INDAPUR",
        "JALGAON",
        "JALNA",
        "JINTUR",
        "JUNNAR",
        "KALAMB",
        "KALAMB (DHARASHIV)",
        "KALAMB(DHARASHIV)",
        "KANNAD",
        "KARAD",
        "KARANJA",
        "KARMALA",
        "KATOL",
        "KHAMGAON",
        "KHED",
        "KOLHAPUR",
        "LAKHANDUR",
        "LASALGAON",
        "LASUR STATION",
        "LATUR",
        "LONAND",
        "LONAR",
        "MAJALGAON",
        "MALEGAON",
        "MALEGAON  WASHIM",
        "MALEGOAN",
        "MALKAPUR",
        "MANGALWEDHA",
        "MANGRULPEER",
        "MANORA",
        "MEHEKAR",
        "MORSHI",
        "MUL",
        "MUMBAI",
        "MURTIZAPUR",
        "MURUM",
        "NAGBHID",
        "NAGPUR",
        "NAMPUR",
        "NANDED",
        "NANDGAON",
        "NANDURA",
        "NANDURBAR",
        "NASHIK",
        "NASIK",
        "NER PARASOPANT",
        "NEWASA",
        "PANDHARPUR",
        "PARBHANI",
        "PARLI VAIJNATH",
        "PARLI VAIJYANATH",
        "PARNER",
        "PARTUR",
        "PHALTAN",
        "PIMPALGAON BASWANT",
        "PUNE",
        "RAHATA",
        "RAHURI",
        "RISOD",
        "SANGAMNER",
        "SANGLI",
        "SANGOLA",
        "SAONER",
        "SATANA",
        "SAVNER",
        "SELU",
        "SENGAON",
        "SENGOAN",
        "SHAHADA",
        "SHEGAON",
        "SHIRPUR",
        "SHIRUR",
        "SHRIRAMPUR",
        "SINDEVAHI",
        "SINDI",
        "SINNAR",
        "SINNER",
        "SOLAPUR",
        "TELHARA",
        "TIRODA",
        "TULJAPUR",
        "TUMSAR",
        "UDGIR",
        "UMARGA",
        "UMRANE",
        "UMRED",
        "VAI",
        "VAIJAPUR",
        "VANI",
        "VARORA",
        "WAI",
        "WARDHA",
        "WASHIM",
        "YAVATMAL",
        "YEOLA"
    ],
    "NAGALAND": [
        "-- Select APMCs --",
        "BAGHTY APMC",
        "DIMAPUR APMC",
        "GHATASHI",
        "JALUKIE",
        "KIPHIRE",
        "KOHIMA APMC",
        "LONGLENG",
        "MANGKOLEMBA",
        "MOKOKCHUNG APMC",
        "MON APMC",
        "NIULAND",
        "PFUTSERO APMC",
        "PHEK",
        "TENNING",
        "TSEMENYU",
        "TUENSANG",
        "TULI",
        "WOKHA APMC",
        "ZUNHEBOTO APMC"
    ],
    "ODISHA": [
        "-- Select APMCs --",
        "ANANDAPUR",
        "ANGUL",
        "ATHMALLIK",
        "ATTABIRA",
        "BAHADAJHOLA",
        "BALANGIR",
        "BALASORE",
        "BALUGAON",
        "BANKI",
        "BARGARH",
        "BARIPADA",
        "BETNOTI",
        "BHADRAK",
        "BHANJANAGAR",
        "BHAWANIPATNA",
        "BIRAMAHARAJPUR",
        "BONAI",
        "BOUDH",
        "CHAMPUA",
        "CHANDBALI",
        "DEOGARH",
        "DHENKANAL",
        "DIGAPAHANDI",
        "DUNGURIPALI",
        "GUNUPUR",
        "HINDOL",
        "HINJILICUT",
        "JAGATSINGHPUR",
        "JAJPUR",
        "JALESWAR",
        "JATNI",
        "JEYPORE",
        "JHARSUGUDA",
        "JUNAGARH",
        "KAMAKHYANAGAR",
        "KANDHAMAL",
        "KANTABANJI",
        "KARANJIA",
        "KENDRAPARA",
        "KENDUPATNA",
        "KEONJHAR",
        "KESINGA",
        "KHARIAR ROAD",
        "KORAPUT",
        "KUCHINDA",
        "MALKANGIRI",
        "MUKHIGUDA",
        "NABARANGPUR",
        "NARSINGHPUR",
        "NILGIRI",
        "NIMAPARA",
        "PADAMPUR OD",
        "PALLAHARA",
        "PANPOSH",
        "PARALAKHEMUNDI",
        "PATNAGARH",
        "RAHAMA",
        "RAIRAKHOL",
        "RAIRANGPUR",
        "RAYAGADA",
        "SAKHIGOPAL",
        "SAMBALPUR",
        "SARGIPALI",
        "TALCHER",
        "TIKABALI",
        "UDALA"
    ],
    "PUDUCHERRY": [
        "-- Select APMCs --",
        "KARAIKAL",
        "THATTANCHAVADY"
    ],
    "PUNJAB": [
        "-- Select APMCs --",
        "ABOHAR",
        "AJNALA",
        "AMLOH APMC",
        "AMRITSAR",
        "ATTARI",
        "BALACHAUR",
        "BANGA",
        "BARETA",
        "BARNALA",
        "BATALA",
        "BHATINDA",
        "BHIKHI APMC",
        "BHIKHIWIND",
        "BHOGPUR",
        "BHUCHO MANDI APMC",
        "BUDHLADA APMC",
        "DERA BABA NANAK",
        "DHURI",
        "DINANAGAR",
        "DUDAN SADHAN",
        "FARIDKOT APMC",
        "FATEHGARH CHURIAN",
        "FATHEGARH SAHIB",
        "FAZILKA",
        "FEROZEPUR CANTT",
        "FEROZEPUR CITY APMC",
        "GIDDERBAHA",
        "GONIANA",
        "GURDASPUR APMC",
        "GURUHARSAHAI",
        "HOSHIYARPUR",
        "JAGRAON",
        "JAITO",
        "JALALBAD",
        "JALANDHAR",
        "JANDIALA GURU GEHRI",
        "KALANAUR",
        "KAPURTHALA APMC",
        "KHANAURI",
        "KHANNA APMC",
        "KHARAR APMC",
        "KHEMKARAN",
        "KOTKAPURA APMC",
        "LEHRAGAGA",
        "LUDHIANA APMC",
        "MACHHIWARA SAHIB",
        "MAKHU",
        "MALERKOTLA",
        "MALOUT APMC",
        "MANSA",
        "MAUR",
        "MEHTA",
        "MOGA APMC",
        "MOONAK",
        "MUKTSAR",
        "NABHA",
        "NAKODAR",
        "NAUSHEHARA PANNUAN",
        "NAWANSHAHR MARKET",
        "PATHANKOT",
        "PATIALA",
        "PATRAN",
        "PATTI",
        "PHAGWARA",
        "RAJPURA",
        "RAMAN APMC",
        "RAMPURA PHUL",
        "RAYYA",
        "ROPAR",
        "SADIQ",
        "SAMANA",
        "SANGRUR",
        "SARDULGARH APMC",
        "SHAHKOT",
        "SULTANPUR LODHI",
        "SUNAM",
        "TALWANDI BHAI",
        "TAPPA",
        "TARN TARAN APMC"
    ],
    "RAJASTHAN": [
        "-- Select APMCs --",
        "AABU ROAD",
        "AJMER F AND V",
        "AJMER GRAIN",
        "ALWAR",
        "ANOOPGARH",
        "ANTA",
        "ARNOD",
        "ATRU",
        "BAGRU",
        "BAJJU",
        "BALOTRA",
        "BANDIKUI",
        "BANSUR",
        "BANSWARA",
        "BARAN",
        "BARISADRI",
        "BARMER",
        "BARODAMEV",
        "BASSI",
        "BAYANA",
        "BEAWAR",
        "BEGU",
        "BEHROR",
        "BHADRA",
        "BHAGAT KI KOTHI",
        "BHARATPUR",
        "BHAWANI MANDI",
        "BHILWARA",
        "BHINMAL",
        "BHUSAWAR VEIR",
        "BIJAY NAGAR",
        "BIJOLIYA",
        "BIKANER F AND V",
        "BIKANER GRAIN",
        "BILARA",
        "BUNDI",
        "CHABRA",
        "CHAKSU",
        "CHIRAWA",
        "CHITTORGARH",
        "CHOHTAN",
        "CHOMEHLA",
        "CHOMU F AND V",
        "CHOMU GRAIN",
        "CHOTTISADRI",
        "CHURU",
        "DABLIRATHAN",
        "DAG",
        "DAUSA",
        "DEEDWANA",
        "DEEG",
        "DEGANA",
        "DEI",
        "DEOLI",
        "DHOLPUR",
        "DHORIMANNA",
        "DOONI",
        "DUDU",
        "DUNGARPUR",
        "FATEHNAGAR",
        "FATEHPUR",
        "GAJSINGHPUR",
        "GANGAPUR CITY",
        "GANGAPUR-RJ",
        "GHARSANA",
        "GOLUWALA",
        "GOVINDGARH",
        "GUDA GODJI",
        "HANUMANGARH",
        "HANUMANGARH TOWN",
        "HINDOUN",
        "IKLERA",
        "ITAWA",
        "JAIPUR F AND V MUHANA",
        "JAIPUR GRAIN",
        "JAISALMER",
        "JAITARAN",
        "JAITSAR",
        "JALORE",
        "JAYAL",
        "JHALRAPATAN",
        "JHUNJHUNU",
        "JODHPUR F AND V",
        "JODHPUR GRAIN",
        "KAMAN",
        "KAPASAN",
        "KEKRI",
        "KESHORAIPATAN",
        "KESRISINGHPUR",
        "KHAIRTHAL",
        "KHAJUWALA",
        "KHANDAR",
        "KHANPUR",
        "KHATOLI",
        "KHERLI",
        "KISHANGARH BAS",
        "KISHANGARH RENWAL",
        "KOTA",
        "KOTA F AND V",
        "KOTPUTLI",
        "KUCHAMANCITY",
        "KUMHER",
        "LALSOT",
        "LOONKARANSAR",
        "M. KISHANGARH",
        "MAHUWA MANDAWAR",
        "MAHUWA RJ",
        "MALPURA",
        "MANDALGARH",
        "MANDAWARI",
        "MANOHAR THANA",
        "MERTA CITY",
        "MOHANGARH",
        "NADBAI",
        "NAGAR",
        "NAGOUR",
        "NAHARGARH",
        "NAWALGARH",
        "NEEM KA THANA",
        "NIMBAHERA",
        "NIWAI",
        "NOHAR",
        "NOKHA",
        "OSIAN MATHANIA",
        "PADAMPUR",
        "PAHARI",
        "PALI",
        "PALSANA",
        "PHALODI",
        "PILIBANGA",
        "PIPARCITY",
        "PRATAPGARH RJ",
        "PUGAL ROAD",
        "RAISINGHNAGAR",
        "RAJDHANI MANDI KUKARKHERA",
        "RAJSAMAND",
        "RAMGANJ MANDI",
        "RANI",
        "RANIWARA",
        "RATANGARH",
        "RAWATSAR",
        "RAWLA",
        "RIDMALSAR",
        "SADULPUR",
        "SADULSHAHAR",
        "SAMRANIA",
        "SANCHORE",
        "SANGARIYA",
        "SARDAR SHAHAR",
        "SAWAI MADHOPUR",
        "SHAHPURA",
        "SIKAR",
        "SIKRI",
        "SOJAT CITY",
        "SOJAT ROAD",
        "SRI DUNGARGARH",
        "SRI GANGANAGAR GRAIN",
        "SRI MADHOPUR",
        "SRI VIJAYNAGAR",
        "SRIGANGANAGAR F AND V",
        "SRIKARANPUR",
        "SUJANGARH",
        "SUMERGANJ",
        "SUMERPUR",
        "SURAJGARH",
        "SURATGARH",
        "TIBBI",
        "TIJARA",
        "TONK",
        "UDAIPUR F AND V",
        "UDAIPUR GRAIN",
        "UNIYARA"
    ],
    "TAMIL NADU": [
        "-- Select APMCs --",
        "ADAMANGALAM PUDHUR",
        "ALANGIYAM",
        "ALANGUDI",
        "ALANGULAM",
        "AMBASAMUTHIRAM",
        "AMMOOR",
        "ANAIMALAI",
        "ANDIMADAM",
        "ANDIPATTI",
        "ANNUR",
        "ANTHIYUR",
        "ARANI",
        "ARANTHANGI",
        "ARCOT",
        "ARIYALUR",
        "ARUPPUKOTTAI",
        "ATTHUR",
        "AVALPOONDURAI",
        "AVALURPET",
        "AVINASHI",
        "BATLAGUNDU",
        "BHAVANI",
        "BODINAYAKANUR",
        "BOOTHAPADI",
        "BUDALUR",
        "CHENGAM",
        "CHETPET",
        "CHEYYAR",
        "CHINNAMANUR",
        "CHINNASALEM",
        "CHITTODE",
        "COIMBATORE",
        "CONNOOR",
        "CUDDALORE OT",
        "CUMBUM",
        "DESUR",
        "DEVAKOTTAI",
        "DHARAPURAM",
        "DHARMAPURI",
        "DINDIGUL",
        "DUSI",
        "EDAPPADI",
        "ELUMATHUR",
        "ERODE",
        "ETTAYAPURAM",
        "GANGAVALLI",
        "GINGEE",
        "GOBICHETTIPALAYAM",
        "GOPAL PATTI",
        "GUDIYATHAM",
        "HARUR",
        "HOSUR",
        "ILUPPUR",
        "IRUMBOOTHIPATTY",
        "JEYANKONDAM",
        "KADAMBUR",
        "KADAYANALLUR",
        "KALAVAI",
        "KALIYAKAVILAI",
        "KALLAKURICHI",
        "KALUGUMALAI",
        "KAMUTHI",
        "KANCHEEPURAM",
        "KANGEYAM",
        "KARAMADAI",
        "KARIKUDI",
        "KARUMANDURAI",
        "KARUR",
        "KATTUMANNARKOIL",
        "KATTUPUTHUR",
        "KAVERIPAKKAM",
        "KAVINDAPADI",
        "KILPENNATHUR",
        "KILVELUR",
        "KINATHUKADAVU",
        "KODUMUDI",
        "KONGANAPURAM",
        "KOVILPATTI",
        "KRISHNAGIRI",
        "KUDAVASAL",
        "KULASEKHARAM",
        "KUMBAKONAM",
        "KUNNATHUR",
        "KURUNJIPADY",
        "KUTHALAM",
        "LALGUDI",
        "MADATHUKULAM",
        "MADURAI",
        "MADURANATHANGAM",
        "MANALURPET",
        "MANAMADURAI",
        "MANAPPARAI",
        "MANGALAMAMANDOOR",
        "MANNACHANALLUR",
        "MANNARKUDI",
        "MARAKKANAM",
        "MAYILADUTHURAI",
        "MECHERI",
        "MELUR",
        "MONDAY MARKET",
        "MOOLANUR",
        "MOOTHUR",
        "MUDHUKALATHUR",
        "MUTHUR",
        "MYLAMAPADI",
        "MYLAMPADI",
        "NAMAGIRIPETTAI",
        "NAMBIYUR",
        "NATHAM",
        "NEGAMAM",
        "ODDANCHATRAM",
        "OMALUR",
        "OOTY",
        "ORATHANADU",
        "PALACODE",
        "PALANI",
        "PALLADAM",
        "PANRUTI",
        "PAPANASAM",
        "PARAMAKUDI",
        "PARAMATHI VELUR",
        "PATTUKKOTTAI",
        "PAVOORCHATRAM",
        "PENNAGARAM",
        "PERUMBALUR",
        "PERUNDURAI",
        "PETHAPPAMPATTI",
        "POCHAMPALLI",
        "POLLACHI",
        "POLUR",
        "PONGALUR",
        "POONTHOTTAM",
        "PUDUPALAYAM",
        "PUDUR",
        "PUNJAI PULIAMPADDI",
        "RAJAPALAYAM",
        "RAJASINGAMANGALAM",
        "RAMANATHAPURAM",
        "REDHILLS",
        "SALEM",
        "SANKARANKOVIL",
        "SANKARAPURAM",
        "SATHANKULAM",
        "SATHYAMANGALAM",
        "SATTUR",
        "SEMBANARKOIL",
        "SENJERI MALAIYADIPALAYAM",
        "SETHIATHOPE",
        "SEVUR",
        "SINGAMPUNERI",
        "SIRKALI",
        "SIVAGANGAI",
        "SIVAGIRI",
        "SRIMUSHNAM",
        "SRIVAIKUNDAM",
        "SULUR",
        "SUNGUVARCHATRAM",
        "T VADIPATTI",
        "TENKASI",
        "THALAVADI",
        "THAMMAMPATTI",
        "THANJAVUR",
        "THATHAIYANGARPETTAI",
        "THENI",
        "THIRUKOVILUR",
        "THIRUMANGALAM",
        "THIRUPATHUR",
        "THIRUPOONDI",
        "THIRUPPUR",
        "THIRUTHURAIPOONDI",
        "THIRUVADANAI",
        "THIRUVALLUR",
        "THIYAGADURGAM",
        "THODUVATTI",
        "THONDAMUTHUR",
        "THOOTHUKUDI",
        "THURAIYUR",
        "THUVARANKURICHY",
        "TINDIVANAM",
        "TIRUCHIRAPALLI",
        "TIRUNELVELI",
        "TIRUTTANI",
        "TIRUVANNAMALAI",
        "TIRUVARUR",
        "TIRUVENKADAM",
        "TISAYANVILAI",
        "TRICHENGODE",
        "UDUMALPET",
        "ULUNDURPETTAI",
        "USILAMPATTI",
        "UTHANGARAI",
        "UTHIRAMERUR",
        "UTHUKOTTAI",
        "VADAMADURAI",
        "VADASERY",
        "VADUVUR",
        "VALANGAIMAN",
        "VALATHI",
        "VALLAM",
        "VALLIOOR",
        "VANAPURAM",
        "VANDAVASI",
        "VANIYAMBADI",
        "VAZHAPPADI",
        "VEDHARANYAM",
        "VELLAKOIL",
        "VELLANKOIL",
        "VELLORE",
        "VEPPUR",
        "VETTAVALAM",
        "VIKIRAVANDI",
        "VILATHIKULAM",
        "VILLUPURAM",
        "VIRUDHACHALAM",
        "VIRUDHUNAGAR"
    ],
    "TELANGANA": [
        "-- Select APMCs --",
        "ACHAMPET",
        "ATMAKUR",
        "BADEPALLY",
        "BHAINSA",
        "BOWENPALLY",
        "CHOPPADANDI",
        "DEVARAKADRA",
        "ECHODA",
        "ENKOOR",
        "GADDIANNARAM",
        "GADWAL",
        "GAJWEL",
        "GOLLAPALLY",
        "HUSNABAD",
        "HYDERABAD",
        "JAGTIAL",
        "JAMMIKUNTA",
        "JANGAON",
        "JOGIPET",
        "KALWAKURTHY",
        "KARIMNAGAR",
        "KESAMUDRAM",
        "KHAMMAM",
        "MADNOOR",
        "MAHABUBABAD",
        "MAHBUBNAGAR",
        "MAKTHAL",
        "METPALLY",
        "MIRYALAGUDA",
        "NAGARKURNOOL",
        "NARAYANPET",
        "NARSAMPET",
        "NAWABPET",
        "NIZAMABAD",
        "PARGI",
        "PARKAL",
        "PEDDAPALLI",
        "SADASIVPET",
        "SHADNAGAR",
        "SHANKARAPALLY",
        "SIDDIPET",
        "SURYAPETA",
        "TANDUR",
        "TIRUMALGIRI",
        "VATPALLY",
        "VIKARABAD",
        "WANAPARTHY ROAD",
        "WANAPARTHY TOWN",
        "WARANGAL",
        "ZAHEERABAD"
    ],
    "TRIPURA": [
        "-- Select APMCs --",
        "BACHAIBARI",
        "BARPATHARI",
        "BISHALGARH",
        "CHAMPAKNAGAR",
        "CHAWMANU",
        "DASDA",
        "GANDACHERRA",
        "GARJEE",
        "JAMPUIJALA",
        "KALYANPUR",
        "KULAI",
        "MELAGHAR",
        "MOHANPUR",
        "NUTANBAZAR",
        "PABIACHERRA",
        "PANISAGAR",
        "SANTIRBAZAR",
        "SONAMURA",
        "TELIAMURA"
    ],
    "UTTAR PRADESH": [
        "-- Select APMCs --",
        "ACHHALDA APMC",
        "ACHNERA",
        "AGRA",
        "AHIRAURA",
        "AJUHA",
        "AKBARPUR",
        "ALIGARH",
        "AMROHA APMC",
        "ANAND NAGAR APMC",
        "ANUPSHAHAR",
        "AONLA",
        "ATARRA APMC",
        "AURAIYA",
        "AYODHYA",
        "AZAMGARH",
        "BABERU",
        "BADAUN",
        "BAHERI",
        "BAHJOI",
        "BAHRAICH",
        "BALLIA",
        "BALRAMPUR APMC",
        "BANDA",
        "BANGARMAU",
        "BARABANKI",
        "BAREILLY",
        "BASTI",
        "BHARTHANA",
        "BHARUASUMERPUR",
        "BHINGA",
        "BILSI",
        "BINDIKI",
        "BISALPUR",
        "BISWAN",
        "BULANDSHAHAR",
        "CHANDAULI",
        "CHANDAUSI",
        "CHANDPUR",
        "CHARKHARI",
        "CHARRA",
        "CHAUBEPUR",
        "CHIBRAMAU",
        "CHIRGAON",
        "DADRI UP",
        "DATAGANJ",
        "DEORIA",
        "DIBAI",
        "ETAH",
        "ETAWAH",
        "FARRUKHABAD",
        "FATEHPUR APMC",
        "FATEHPUR SIKRI",
        "FIROZABAD APMC",
        "GANGOH",
        "GARAURA",
        "GHAZIABAD",
        "GHIROR",
        "GOLAGOKARNATH",
        "GONDA",
        "GOPIGANJ",
        "GORAKHPUR",
        "GURSARAI",
        "HAPUR",
        "HARDOI",
        "HASANPUR APMC",
        "HATHRAS",
        "JAFARGANJ",
        "JAHANGIRABAD",
        "JAIS",
        "JALALABAD APMC",
        "JALAUN",
        "JANGIPURA",
        "JASRA",
        "JASWANTNAGAR",
        "JAUNPUR APMC",
        "JHANSI",
        "JHINJHAK",
        "KAIMGANJ",
        "KANNAUJ",
        "KANPUR",
        "KARWI APMC",
        "KASGANJ",
        "KHAIR",
        "KHALILABAD",
        "KHURJA",
        "KIRATPUR",
        "KONCH",
        "KOPAGANJ",
        "KOSIKALAN",
        "KUSHI NAGAR",
        "LAKHIMPUR",
        "LALGANJ",
        "LALITPUR",
        "LUCKNOW",
        "MADHOGANJ",
        "MAHMUDABAD",
        "MAHOBA",
        "MAHRONI",
        "MAINPURI",
        "MANJHANPUR",
        "MATHURA",
        "MAURANIPUR",
        "MEERUT",
        "MILAK",
        "MIRZAPUR",
        "MOHAMADABAD APMC",
        "MORADABAD",
        "MOTH",
        "MUNGRA BADSHAHPUR",
        "MUSKERA",
        "MUZZAFFARNAGAR",
        "NAANPARA",
        "NAJIBABAD APMC",
        "NAUGARH APMC",
        "NAUTANWA APMC",
        "NAWABGANJ APMC",
        "NOIDA APMC",
        "PALIA KALAN",
        "PARTAWAL",
        "PAYAGPUR",
        "PILIBHIT",
        "POWAYAN",
        "PRATAPGARH",
        "PRAYAGRAJ",
        "PURANPUR",
        "PURWA",
        "RAE BARELI",
        "RAMPUR",
        "RAMPUR BILASPUR",
        "RASRA APMC",
        "RATH",
        "ROBERTSGANJ",
        "RUDAULI",
        "RURA",
        "SADABAD APMC",
        "SAFDARGANJ",
        "SAHARANPUR",
        "SAHIYAPUR",
        "SAHJANWA APMC",
        "SALON",
        "SAMBHAL APMC",
        "SANDILA APMC",
        "SHAGANJ",
        "SHAHBAD HARDOI",
        "SHAHJAHANPUR",
        "SHAMLI",
        "SHIKARPUR",
        "SHIKOHABAD",
        "SIRSAGANJ",
        "SITAPUR",
        "SULTANPUR",
        "TIKUNIYA",
        "TILHAR",
        "TULSIPUR APMC",
        "TUNDLA",
        "UJHANI",
        "UNNAO APMC",
        "URAI",
        "UTTARIPURA",
        "VARANASI",
        "WAZIRGANJ APMC",
        "YUSUFPUR"
    ],
    "UTTARAKHAND": [
        "-- Select APMCs --",
        "BAZPUR",
        "BHAGWANPUR",
        "DEHRADUN",
        "GADARPUR",
        "HALDWANI",
        "HARIDWAR",
        "JASPUR",
        "KASHIPUR",
        "KHATIMA",
        "KICHHA",
        "KOTDWAR",
        "LAKSAR",
        "MANGLOUR",
        "NANAKMATTA",
        "RAMNAGAR",
        "RISHIKESH",
        "ROORKEE",
        "RUDRAPUR",
        "SITARGANJ",
        "VIKASNAGAR"
    ],
    "WEST BENGAL": [
        "-- Select APMCs --",
        "BAGDA KRISHAK BAZAR",
        "BETHUADAHARI PRINCIPAL MARKET YARD",
        "BISHNUPUR",
        "DHUPGURI PRINCIPAL MARKET YARD",
        "FALAKATA",
        "GANGARAMPUR",
        "ISLAMPUR PRINCIPAL MARKET YARD",
        "JIYAGANJ KRISHAK BAZAR",
        "KALNA SUB MARKET YARD",
        "KARIMPUR SUBMARKET YARD",
        "MOHAMAD BAZAR KRISHAK BAZAR",
        "NAKASHIPARA KRISHAK BAZAR",
        "PANSKURA I KRISHAK BAZAR",
        "SAMSHERGANJ KRISHAK BAZAR",
        "SAMSI SUB MARKET YARD",
        "SHEORAPHULI",
        "SILIGURI REGULATED MARKET COMM",
        "SIMLAPAL"
    ]
}